{
    "total_objects": 61,
    "active_objects": 8,
    "object_times": {
        "1": 18.850836753845215,
        "2": 32.14862871170044,
        "3": 32.289252281188965,
        "4": 81.0381076335907,
        "5": 17.210208415985107,
        "6": 2.2812447547912598,
        "7": 14.769571781158447,
        "8": 14.459334373474121,
        "9": 0.984375,
        "10": 15.106731414794922,
        "11": 22.143585443496704,
        "12": 8.877041816711426,
        "13": 12.972393274307251,
        "14": 0.4531264305114746,
        "15": 0.4218730926513672,
        "16": 27.749351501464844,
        "17": 34.18684673309326,
        "18": 15.151276588439941,
        "19": 3.359374761581421,
        "20": 37.45980405807495,
        "21": 32.66293001174927,
        "22": 19.428555011749268,
        "23": 7.407479286193848,
        "24": 1.2713942527770996,
        "25": 22.86357283592224,
        "26": 0.6250002384185791,
        "27": 4.01436972618103,
        "28": 38.201980113983154,
        "29": 10.232975721359253,
        "32": 3.258606195449829,
        "34": 1.5468685626983643,
        "36": 33.880873918533325,
        "38": 3.6566579341888428,
        "39": 9.351326704025269,
        "40": 2.421875476837158,
        "41": 23.859797477722168,
        "42": 11.984377145767212,
        "43": 20.172298431396484,
        "44": 24.92229676246643,
        "45": 5.593745946884155,
        "46": 2.8124988079071045,
        "47": 7.593750715255737,
        "48": 12.859800100326538,
        "50": 0.17187881469726562,
        "52": 20.703547716140747,
        "55": 0,
        "56": 5.56292200088501,
        "58": 14.359799146652222,
        "59": 0.3125009536743164,
        "60": 2.953551769256592,
        "61": 0.7812497615814209,
        "62": 7.328127384185791,
        "63": 0,
        "64": 3.4062530994415283,
        "65": 0.46875524520874023,
        "66": 9.265626192092896,
        "67": 8.031248092651367,
        "68": 7.8593714237213135,
        "69": 6.453124046325684,
        "70": 4.093747615814209,
        "71": 3.3437492847442627
    },
    "class_totals": {
        "person": 8
    },
    "average_fps": 0
}